iso-a3,gcbr-index,zoonotic,zoonotic-risk-burden,zoonotic-mitigating-countermeasures,zoonotic-1.1,zoonotic-1.2,zoonotic-2.1,zoonotic-2.3,zoonotic-3.1,zoonotic-3.2,lab-leak,lab-leak-risk-burden,lab-leak-mitigating-countermeasures,lab-leak-1.1,lab-leak-1.2,lab-leak-1.3,lab-leak-2.1,lab-leak-3.1,lab-leak-3.2,lab-leak-3.3,lab-leak-3.4,lab-leak-3.5,lab-leak-4.1,lab-leak-4.2,lab-leak-5.1
AFG,0.200102368,0.200102368,0.255754476,0.217599741,1,0,25,60,2,0,0,0,0,0,0,0,0,0,0,0,0,0,0,0,0
ALB,0.163934429,0.163934429,0.239393469,0.315209268,0,0,50,0,9,67,0,0,0.313333333,0,0,0,0,20,0,0,100,100,100,0,0
DZA,0.252949927,0.252949927,0.369423132,0.315284006,1,0,0,80,13,33,0,0,0,0,0,0,0,0,0,0,0,0,0,0,0
AND,0.010295641,0.010295641,0.014208582,0.275392762,0,0,50,0,27,33,0,0,0.066666667,0,0,0,0,0,0,0,100,0,0,0,0
AGO,0.012589015,0.012589015,0.014208582,0.113985137,0,0,25,20,1,0,0,0,0,0,0,0,0,0,0,0,0,0,0,0,0
ATG,0.012077295,0.012077295,0.014208582,0.15,0,0,0,60,0,0,0,0,0,0,0,0,0,0,0,0,0,0,0,0,0
ARG,0.567554152,0.567554152,1.254017547,0.547411316,1,2,50,80,22,67,1.783962188,2.090580689,0.146666667,5,0,7,0,20,0,0,100,100,0,0,0
ARM,0.00540763,0.00540763,0.014208582,0.619410992,0,0,75,100,6,67,0,0,0.67,0,0,0,0,80,100,0,100,100,100,100,25
AUS,0.156024036,0.156024036,0.30856399,0.49435436,0,0,50,60,21,67,6.18488951,12.66530275,0.511666667,18,8,29,7,80,0,50,100,100,100,0,38
AUT,0.286272391,0.286272391,0.662542633,0.567918535,0,1,75,100,19,33,1.497097541,2.180239137,0.313333333,5,0,7,0,20,0,0,100,100,100,0,0
AZE,0.008082624,0.008082624,0.014208582,0.431144923,0,0,50,80,9,33,0,0,0.163333333,0,0,0,0,20,100,0,0,0,50,0,0
BHS,0.009314957,0.009314957,0.014208582,0.344413303,0,0,0,60,11,67,0,0,0,0,0,0,0,0,0,0,0,0,0,0,0
BHR,0.012661114,0.012661114,0.014208582,0.108910822,0,0,0,40,4,0,0,0,0.013333333,0,0,0,0,20,0,0,0,0,0,0,0
BGD,31.18301097,31.18301097,54.08937198,0.423490977,9,99,50,80,6,33,0.040666088,0.040666088,0,0,0,0,0,0,0,0,0,0,0,0,0
BRB,0.013978023,0.013978023,0.014208582,0.016226712,0,0,0,0,6,0,0,0,0.083333333,0,0,0,0,0,0,0,0,0,50,0,0
BLR,0.006334659,0.006334659,0.014208582,0.554166667,0,0,75,80,0,67,2.060264078,3.00038458,0.313333333,5,13,0,0,20,0,0,100,100,100,0,0
BEL,0.955434649,0.955434649,1.237982385,0.228232436,1,1,25,0,33,33,1.247797864,2.399611277,0.48,5,0,7,1,20,0,0,100,100,100,100,0
BLZ,0.012625274,0.012625274,0.014208582,0.111433244,0,0,0,40,5,0,0,0,0,0,0,0,0,0,0,0,0,0,0,0,0
BEN,0.17749216,0.17749216,0.21312873,0.167206787,0,0,25,40,2,0,0,0,0,0,0,0,0,0,0,0,0,0,0,0,0
BTN,0.093725934,0.093725934,0.184711566,0.492582212,0,0,75,60,29,33,0,0,0.013333333,0,0,0,0,20,0,0,0,0,0,0,0
BOL,0.299812886,0.299812886,0.53098652,0.435366295,0,1,25,80,36,33,0,0,0.3,0,0,0,0,0,0,0,100,100,100,0,0
BIH,0.145496958,0.145496958,0.201193602,0.276831091,0,0,50,20,7,33,0,0,0.166666667,0,0,0,0,0,0,0,0,0,100,0,0
BWA,0.226112065,0.226112065,0.282172914,0.198675512,0,0,50,20,9,0,0.025886448,0.025886448,0,0,0,0,0,0,0,0,0,0,0,0,0
BRA,1.005896196,1.005896196,3.297223178,0.694926263,5,1,75,80,23,100,2.472633013,3.672227247,0.326666667,10,4,7,0,40,0,0,100,100,50,0,25
BRN,0.011019134,0.011019134,0.014208582,0.224473364,0,0,50,0,6,33,0,0,0.013333333,0,0,0,0,20,0,0,0,0,0,0,0
BGR,0.113394444,0.113394444,0.250601813,0.54751148,0,0,75,80,31,33,0.002564623,0.006900331,0.628333333,0,0,0,0,80,100,0,100,100,100,100,13
BFA,0.010033545,0.010033545,0.014208582,0.293839089,0,0,0,80,4,33,0.025270194,0.025270194,0,0,0,0,0,0,0,0,0,0,0,0,0
BDI,0.503252045,0.503252045,0.56605825,0.110953608,1,0,0,40,4,0,0,0,0,0,0,0,0,0,0,0,0,0,0,0,0
CPV,0.01108375,0.01108375,0.014208582,0.219925685,0,0,25,60,3,0,0,0,0.066666667,0,0,0,0,0,0,0,100,0,0,0,0
KHM,3.468314762,6.925156193,10.91479803,0.365525943,1,21,0,60,20,67,0.011473331,0.011473331,0,0,0,0,0,0,0,0,0,0,0,0,0
CMR,8.949059325,17.86928283,27.31610114,0.345833333,1,54,25,80,0,33,0.028835821,0.029225494,0.013333333,0,0,0,0,20,0,0,0,0,0,0,0
CAN,1.539701327,0.163682832,0.407473638,0.598298353,0,1,50,100,23,67,2.915719822,12.06504754,0.758333333,14,7,14,13,100,100,50,100,100,100,100,38
CAF,0.207712389,0.415424777,0.4388683,0.053418127,0,1,0,20,1,0,0,0,0.013333333,0,0,0,0,20,0,0,0,0,0,0,0
TCD,0.006363605,0.01272721,0.014208582,0.104258934,0,0,0,40,2,0,0,0,0,0,0,0,0,0,0,0,0,0,0,0,0
CHL,0.186425613,0.342724886,0.529559331,0.352811166,1,0,25,80,3,33,0.030126341,0.046587126,0.353333333,0,0,0,0,80,0,0,100,100,100,0,0
CHN,20.13172206,32.34280478,67.49802736,0.520833333,89,46,75,100,0,33,7.920639352,12.00096872,0.34,21,15,32,2,60,0,0,100,100,100,0,0
COL,0.50991296,1.000223809,1.863597694,0.463283405,3,0,50,80,22,33,0.019602111,0.029112046,0.326666667,0,0,0,0,40,0,0,100,100,100,0,0
COM,0.006380129,0.012760259,0.014208582,0.10193299,0,0,0,40,1,0,0,0,0,0,0,0,0,0,0,0,0,0,0,0,0
COG,4.907639659,9.815279318,11.54738743,0.15,0,23,0,60,0,0,0,0,0,0,0,0,0,0,0,0,0,0,0,0,0
COD,1.853261614,3.692946861,4.711080064,0.216114604,3,7,25,60,1,0,0.013576367,0.013759831,0.013333333,0,0,0,0,20,0,0,0,0,0,0,0
COK,0.006749076,0.013498153,0.014208582,0.05,0,0,0,20,0,0,0,0,0,0,0,0,0,0,0,0,0,0,0,0,0
CRI,0.004029755,0.008059511,0.014208582,0.432771639,0,0,50,80,10,33,0,0,0.166666667,0,0,0,0,0,0,0,0,0,100,0,0
CIV,0.526891456,1.042865419,1.418149589,0.264629467,1,2,25,80,1,0,0.010917494,0.011065027,0.013333333,0,0,0,0,20,0,0,0,0,0,0,0
HRV,0.247934611,0.489168415,0.895481379,0.453736921,0,2,50,80,18,33,0.006700806,0.009758456,0.313333333,0,0,0,0,20,0,0,100,100,100,0,0
CUB,0.004193359,0.008386718,0.014208582,0.409742769,0,0,0,100,31,33,0,0,0.026666667,0,0,0,0,40,0,0,0,0,0,0,0
CYP,0.008303172,0.006067481,0.014208582,0.572970698,0,0,75,80,8,67,0.010538864,0.01505552,0.3,0,0,0,0,0,0,0,100,100,100,0,0
CZE,0.740403264,0.396286652,0.887636196,0.553548341,0,2,50,80,25,67,1.084519875,1.694562305,0.36,9,1,0,0,40,0,50,100,100,100,0,0
DNK,0.447811792,0.464957411,0.933542941,0.501943199,0,2,75,80,12,33,0.430666173,1.242306268,0.653333333,3,0,3,0,80,100,100,100,100,50,100,25
DJI,0.005728988,0.011457975,0.014208582,0.193587714,0,0,0,40,4,33,0,0,0,0,0,0,0,0,0,0,0,0,0,0,0
DMA,0.005091409,0.010182817,0.014208582,0.283333333,0,0,0,80,0,33,0,0,0,0,0,0,0,0,0,0,0,0,0,0,0
DOM,0.004141853,0.008283706,0.014208582,0.41699278,0,0,50,80,3,33,0,0,0.166666667,0,0,0,0,0,0,0,0,0,100,0,0
ECU,0.014960122,0.024243192,0.042625746,0.431254719,0,0,50,80,9,33,0.005677053,0.009676795,0.413333333,0,0,0,0,20,0,0,0,100,100,100,0
EGY,1.512827531,3.008923657,4.027853084,0.252970852,4,4,0,80,21,0,0.016731404,0.016731404,0,0,0,0,0,0,0,0,0,0,0,0,0
SLV,0.03759354,0.07518708,0.14208582,0.470833333,0,0,75,80,0,33,0,0,0,0,0,0,0,0,0,0,0,0,0,0,0
GNQ,0.098093779,0.196187558,0.217986176,0.1,0,0,0,40,0,0,0,0,0,0,0,0,0,0,0,0,0,0,0,0,0
ERI,0.006393862,0.012787724,0.014208582,0.1,0,0,0,40,0,0,0,0,0,0,0,0,0,0,0,0,0,0,0,0,0
EST,0.072723218,0.104829686,0.201193602,0.478961136,0,0,50,80,28,33,0.04061675,0.060321907,0.326666667,0,0,0,0,40,0,0,100,100,100,0,0
SWZ,0.009796342,0.010789659,0.014208582,0.240623796,0,0,0,40,23,33,0.008803025,0.009431813,0.066666667,0,0,0,0,0,0,0,100,0,0,0,0
ETH,0.934950238,1.836844218,2.973606857,0.382284106,4,2,50,100,3,0,0.033056259,0.035930716,0.08,0,0,0,0,20,0,0,100,0,0,0,0
FJI,0.006983398,0.011436263,0.014208582,0.195115806,0,0,50,20,8,0,0.002530533,0.002530533,0,0,0,0,0,0,0,0,0,0,0,0,0
FIN,0.214027069,0.355222933,0.941373912,0.622654793,0,2,100,100,16,33,0.072831205,0.140060009,0.48,0,0,0,0,20,0,0,100,100,100,100,0
FRA,1.902692432,1.056438524,2.121272341,0.501978834,1,3,25,80,29,67,2.74894634,5.572188526,0.506666667,16,7,3,2,60,0,0,100,100,100,100,0
GAB,1.732656619,1.033586853,1.148429836,0.1,0,2,0,40,0,0,2.431726385,2.464587552,0.013333333,7,4,3,0,20,0,0,0,0,0,0,0
GMB,0.093323912,0.173827091,0.223162169,0.221072766,0,0,25,60,3,0,0.012820733,0.012820733,0,0,0,0,0,0,0,0,0,0,0,0,0
GEO,0.003452285,0.006904569,0.014208582,0.514056408,0,0,25,80,34,67,0,0,0.48,0,0,0,0,20,0,0,100,100,100,100,0
DEU,4.495926252,1.548423666,5.535847334,0.72029148,5,6,75,100,13,100,7.443428838,10.29045461,0.276666667,23,9,18,4,40,0,50,100,100,50,0,0
GHA,1.014860896,1.976355581,2.625067492,0.247121993,1,4,25,40,1,33,0.053366211,0.053366211,0,0,0,0,0,0,0,0,0,0,0,0,0
GRC,0.202673693,0.342832717,0.507900322,0.325,0,1,50,80,0,0,0.062514668,0.120220515,0.48,0,0,0,0,20,0,0,100,100,100,100,0
GRD,0.006512267,0.013024533,0.014208582,0.083333333,0,0,0,0,0,33,0,0,0,0,0,0,0,0,0,0,0,0,0,0,0
GTM,0.253922619,0.497270176,0.582551861,0.146393294,1,0,0,20,5,33,0.010575063,0.010575063,0,0,0,0,0,0,0,0,0,0,0,0,0
GIN,1.767540494,3.535080987,4.163036822,0.150840807,0,8,0,60,0,0,0,0,0.013333333,0,0,0,0,20,0,0,0,0,0,0,0
GNB,0.006014364,0.012028728,0.014208582,0.153418127,0,0,0,60,1,0,0,0,0,0,0,0,0,0,0,0,0,0,0,0,0
GUY,0.005212159,0.010424318,0.014208582,0.266336508,0,0,0,100,7,0,0,0,0,0,0,0,0,0,0,0,0,0,0,0,0
HTI,0.011366432,0.009136354,0.014208582,0.356983419,0,0,25,80,4,33,0.013596509,0.013596509,0,0,0,0,0,0,0,0,0,0,0,0,0
HND,0.006027621,0.010976772,0.014208582,0.22745481,0,0,0,80,11,0,0.001078469,0.001078469,0,0,0,0,0,0,0,0,0,0,0,0,0
HUN,1.145817265,0.492212924,0.924012546,0.467309263,0,2,25,80,15,67,1.799421605,2.871417455,0.373333333,12,2,3,0,60,0,50,100,100,100,0,0
ISL,0.008931161,0.007381985,0.014208582,0.480455904,0,0,25,80,21,67,0.010480337,0.01139167,0.08,0,0,0,0,20,0,0,100,0,0,0,0
IND,19.49058333,26.30506031,50.62447537,0.480388486,100,1,75,80,4,33,12.67610634,13.77837646,0.08,26,20,35,0,20,0,0,0,100,0,0,0
IDN,3.296678931,6.577242936,11.41493251,0.423803607,5,18,75,60,1,33,0.016114926,0.017516224,0.08,0,0,0,0,20,0,0,0,100,0,0,0
IRN,0.308043341,0.60425133,1.053708521,0.426547933,2,0,50,80,7,33,0.011835353,0.015710645,0.246666667,0,0,0,0,20,0,0,100,0,100,0,0
IRQ,0.19651568,0.39303136,0.468883205,0.1617713,1,0,0,60,5,0,0,0,0,0,0,0,0,0,0,0,0,0,0,0,0
IRL,0.066219099,0.005106806,0.014208582,0.64058296,0,0,50,80,26,100,0.127331392,0.185434065,0.313333333,0,0,0,0,20,0,0,100,100,100,0,0
ISR,0.183481605,0.011589605,0.014208582,0.184323617,0,0,0,0,7,67,0.355373606,0.438732847,0.19,0,0,0,1,60,0,0,100,0,50,0,0
ITA,1.995452865,0.65870977,1.335177359,0.506649985,1,2,75,80,14,33,3.332195961,4.852712564,0.313333333,12,9,3,2,20,0,0,100,100,100,0,0
JAM,0.007998146,0.01011672,0.014208582,0.287985222,0,0,0,80,2,33,0.005879572,0.005879572,0,0,0,0,0,0,0,0,0,0,0,0,0
JPN,2.564638663,1.174492976,2.592118106,0.546898356,3,2,75,100,10,33,3.95478435,4.98502229,0.206666667,14,14,0,1,60,0,0,0,0,100,0,0
JOR,0.652683217,1.305366433,1.972194798,0.338114858,0,4,50,80,5,0,0,0,0.013333333,0,0,0,0,20,0,0,0,0,0,0,0
KAZ,0.039156427,0.078312854,0.223312498,0.649312715,0,0,50,80,96,33,0,0,0.413333333,0,0,0,0,20,0,0,0,100,100,100,0
KEN,1.082277813,1.970903126,3.054712083,0.354799054,4,2,25,80,4,33,0.1936525,0.232382999,0.166666667,0,0,0,0,0,0,0,0,0,0,100,0
KIR,0.006393862,0.012787724,0.014208582,0.1,0,0,0,40,0,0,0,0,0,0,0,0,0,0,0,0,0,0,0,0,0
KWT,0.012131746,0.011204415,0.014208582,0.211433244,0,0,0,80,5,0,0.013059077,0.015925703,0.18,0,0,0,0,20,0,0,0,0,100,0,0
KGZ,0.005010038,0.010020077,0.014208582,0.294786996,0,0,50,40,28,0,0,0,0.066666667,0,0,0,0,0,0,0,0,100,0,0,0
LAO,2.369184092,3.754974705,5.015292789,0.251295016,0,10,0,80,21,0,0.983393478,0.996682579,0.013333333,3,0,3,0,20,0,0,0,0,0,0,0
LVA,0.119559439,0.233383821,0.46019777,0.492861903,0,1,50,80,34,33,0.005735057,0.008517411,0.326666667,0,0,0,0,40,0,0,100,100,100,0,0
LBN,0.008980508,0.009590793,0.014208582,0.325,0,0,50,80,0,0,0.008370224,0.008370224,0,0,0,0,0,0,0,0,0,0,0,0,0
LSO,0.006393862,0.012787724,0.014208582,0.1,0,0,0,40,0,0,0,0,0,0,0,0,0,0,0,0,0,0,0,0,0
LBR,0.162568583,0.325137166,0.53083619,0.3875,0,1,75,80,0,0,0,0,0.013333333,0,0,0,0,20,0,0,0,0,0,0,0
LBY,0.006038647,0.012077295,0.014208582,0.15,0,0,0,60,0,0,0,0,0,0,0,0,0,0,0,0,0,0,0,0,0
LIE,0.003330601,0.006661202,0.014208582,0.531184604,0,0,50,80,16,67,0,0,0.15,0,0,0,0,0,0,0,100,0,50,0,0
LTU,0.125442753,0.244343212,0.596018809,0.590041106,0,1,50,80,39,67,0.006542294,0.00766675,0.146666667,0,0,0,0,20,0,0,100,100,0,0,0
LUX,0.239564518,0.448880318,0.498755909,0.1,0,1,0,40,0,0,0.030248718,0.038615384,0.216666667,0,0,0,0,0,0,0,100,100,50,0,0
MDG,0.058244051,0.10835034,0.170502984,0.364525257,0,0,50,60,2,33,0.008137763,0.008247732,0.013333333,0,0,0,0,20,0,0,0,0,0,0,0
MWI,0.137119067,0.192357834,0.227337312,0.153865979,0,0,0,60,2,0,0.081880299,0.087728892,0.066666667,0,0,0,0,0,0,0,100,0,0,0,0
MYS,2.918225185,5.8137768,9.961040634,0.416348451,1,19,50,80,3,33,0.022673569,0.026570589,0.146666667,0,0,0,0,20,0,0,100,100,0,0,0
MDV,0.006749076,0.013498153,0.014208582,0.05,0,0,0,20,0,0,0,0,0,0,0,0,0,0,0,0,0,0,0,0,0
MLI,0.144056511,0.271877782,0.321882604,0.155351116,0,1,0,60,2,0,0.016235239,0.016454635,0.013333333,0,0,0,0,20,0,0,0,0,0,0,0
MLT,0.00507237,0.010144741,0.014208582,0.286013129,0,0,0,100,14,0,0,0,0.133333333,0,0,0,0,0,0,0,100,100,0,0,0
MHL,0.007104291,0.014208582,0.014208582,0,0,0,0,0,0,0,0,0,0,0,0,0,0,0,0,0,0,0,0,0,0
MRT,0.005002605,0.01000521,0.014208582,0.295833333,0,0,25,60,0,33,0,0,0,0,0,0,0,0,0,0,0,0,0,0,0
MUS,0.005718211,0.011436422,0.014208582,0.195104634,0,0,0,40,5,33,0,0,0,0,0,0,0,0,0,0,0,0,0,0,0
MEX,0.623131746,1.200903134,2.603594578,0.538751868,4,1,50,80,19,67,0.045360357,0.066058773,0.313333333,0,0,0,0,20,0,0,100,100,100,0,0
FSM,0.006123614,0.012247228,0.014208582,0.13804012,0,0,0,20,2,33,0,0,0,0,0,0,0,0,0,0,0,0,0,0,0
MDA,0.003517392,0.007034784,0.014208582,0.504891899,0,0,50,60,25,67,0,0,0.146666667,0,0,0,0,20,0,0,100,100,0,0,0
MCO,0.007104291,0.014208582,0.014208582,0,0,0,0,0,0,0,0,0,0.066666667,0,0,0,0,0,0,0,100,0,0,0,0
MNG,0.051699375,0.103398749,0.225052283,0.540556763,0,0,75,80,28,33,0,0,0.013333333,0,0,0,0,20,0,0,0,0,0,0,0
MNE,0.003916878,0.007833755,0.014208582,0.448660295,0,0,50,80,16,33,0,0,0.1,0,0,0,0,0,0,50,100,0,0,0,0
MAR,0.039360834,0.067732933,0.085251492,0.205492696,0,0,0,80,2,0,0.010988735,0.011944277,0.08,0,0,0,0,20,0,0,100,0,0,0,0
MOZ,0.020282273,0.011003366,0.014208582,0.225583075,0,0,25,60,5,0,0.02956118,0.02956118,0,0,0,0,0,0,0,0,0,0,0,0,0
MMR,1.249074604,2.492630033,4.05255762,0.384924221,4,4,50,60,11,33,0.005519176,0.005593759,0.013333333,0,0,0,0,20,0,0,0,0,0,0,0
NAM,0.099580251,0.199160502,0.225052283,0.115047848,0,0,0,40,6,0,0,0,0.013333333,0,0,0,0,20,0,0,0,0,0,0,0
NRU,0.007104291,0.014208582,0.014208582,0,0,0,0,0,0,0,0,0,0,0,0,0,0,0,0,0,0,0,0,0,0
NPL,1.371837434,2.733094361,4.154713439,0.342170188,3,5,25,60,19,33,0.010580507,0.012208277,0.133333333,0,0,0,0,0,0,0,100,100,0,0,0
NLD,1.2010704,0.677234111,1.415616243,0.521597668,0,3,50,80,12,67,1.724906689,3.404421096,0.493333333,8,0,7,2,40,0,0,100,100,100,100,0
NZL,0.198607694,0.007312938,0.014208582,0.485315442,0,0,75,60,26,33,0.389902451,0.526895203,0.26,3,0,0,0,40,0,0,100,0,100,0,0
NIC,0.013243972,0.00934988,0.014208582,0.341955411,0,0,75,60,2,0,0.017138064,0.020565677,0.166666667,0,0,0,0,0,0,0,0,0,100,0,0
NER,0.005239415,0.010478829,0.014208582,0.2625,0,0,25,80,0,0,0,0,0,0,0,0,0,0,0,0,0,0,0,0,0
NGA,2.099148709,4.133207447,5.60434908,0.2625,10,1,25,80,0,0,0.065089971,0.070749969,0.08,0,0,0,0,20,0,0,100,0,0,0,0
NIU,0.006512267,0.013024533,0.014208582,0.083333333,0,0,0,0,0,33,0,0,0,0,0,0,0,0,0,0,0,0,0,0,0
PRK,0.292406016,0.584812032,0.73101504,0.2,1,0,0,80,0,0,0,0,0,0,0,0,0,0,0,0,0,0,0,0,0
MKD,0.057320629,0.114641257,0.201193602,0.43019432,0,0,50,80,9,33,0,0,0.133333333,0,0,0,0,0,0,0,100,100,0,0,0
NOR,0.164187124,0.221892039,0.862756253,0.74281028,0,2,100,100,30,67,0.106482208,0.155071177,0.313333333,0,0,0,0,20,0,0,100,100,100,0,0
OMN,0.090671631,0.181343263,0.254046871,0.286181869,0,0,50,60,4,0,0,0,0.066666667,0,0,0,0,0,0,0,100,0,0,0,0
PAK,1.809819455,3.598069592,4.859335038,0.259555152,10,0,0,100,4,0,0.021569318,0.023109983,0.066666667,0,0,0,0,0,0,0,0,100,0,0,0
PLW,0.006749076,0.013498153,0.014208582,0.05,0,0,0,20,0,0,0,0,0,0,0,0,0,0,0,0,0,0,0,0,0
PAN,0.005113194,0.010226389,0.014208582,0.280266747,0,0,25,80,7,0,0,0,0.246666667,0,0,0,0,20,0,0,0,100,100,0,0
PNG,0.007099713,0.014199427,0.014208582,0.00064433,0,0,0,0,0,0,0,0,0,0,0,0,0,0,0,0,0,0,0,0,0
PRY,0.015501237,0.031002474,0.042625746,0.272681953,0,0,50,20,6,33,0,0,0.233333333,0,0,0,0,0,0,0,0,100,100,0,0
PER,0.135471014,0.201562404,0.27286231,0.261303607,0,0,50,20,1,33,0.069379624,0.092096845,0.246666667,0,0,0,0,20,0,0,100,0,100,0,0
PHL,0.430825066,0.808071089,1.27486567,0.366151973,2,0,50,60,3,33,0.053579043,0.058238091,0.08,0,0,0,0,20,0,0,0,100,0,0,0
POL,0.989996816,0.573646537,1.065656462,0.461696562,0,2,50,100,1,33,1.406347095,2.048078294,0.313333333,5,0,7,0,20,0,0,100,100,100,0,0
PRT,0.07116147,0.008862046,0.014208582,0.376289238,0,0,50,80,21,0,0.133460895,0.194360526,0.313333333,0,0,0,0,20,0,0,100,100,100,0,0
QAT,0.009838282,0.007372975,0.014208582,0.481090025,0,0,50,100,9,33,0.012303588,0.01447481,0.15,0,0,0,0,0,0,0,100,0,0,0,25
ROU,0.517492,0.338314505,0.581630794,0.418334605,0,1,75,40,19,33,0.696669495,1.014567226,0.313333333,3,0,3,0,20,0,0,100,100,100,0,0
RUS,2.067809312,1.184019943,2.201067988,0.462070254,2,3,0,100,18,67,2.951598681,4.298444681,0.313333333,9,16,0,0,20,0,100,0,100,100,0,0
RWA,2.15055121,4.255118539,5.956096908,0.28558608,1,11,25,80,9,0,0.045983882,0.046605286,0.013333333,0,0,0,0,20,0,0,0,0,0,0,0
WSM,0.00662862,0.013257241,0.014208582,0.066955411,0,0,25,0,2,0,0,0,0,0,0,0,0,0,0,0,0,0,0,0,0
SMR,0.005672488,0.011344976,0.014208582,0.201540613,0,0,0,60,21,0,0,0,0.066666667,0,0,0,0,0,0,0,100,0,0,0,0
STP,0,0,0,0.021349568,0,0,0,0,9,0,0,0,0,0,0,0,0,0,0,0,0,0,0,0,0
SAU,0.771788661,0.056890402,0.099460074,0.428007643,0,0,75,60,3,33,1.486686919,1.486686919,0,5,4,0,0,0,0,0,0,0,0,0,0
SEN,0.837460031,1.654178239,2.175191555,0.239525257,0,4,0,60,2,33,0.020741822,0.020741822,0,0,0,0,0,0,0,0,0,0,0,0,0
SRB,0.062271429,0.115524371,0.220495339,0.476068875,0,0,50,80,27,33,0.009018487,0.01313372,0.313333333,0,0,0,0,20,0,0,100,100,100,0,0
SYC,0.006648145,0.013296291,0.014208582,0.064207041,0,0,0,20,6,0,0,0,0,0,0,0,0,0,0,0,0,0,0,0,0
SLE,0.230963413,0.451210762,0.53083619,0.15,0,1,0,60,0,0,0.010716064,0.010860875,0.013333333,0,0,0,0,20,0,0,0,0,0,0,0
SGP,1.485803398,0.230528788,0.361984132,0.363152228,0,1,25,80,7,33,2.741078007,4.780950012,0.426666667,10,4,14,0,40,100,0,0,0,100,100,0
SVK,0.267420371,0.530695644,0.841577441,0.369403672,0,2,75,20,19,33,0.004145098,0.006614518,0.373333333,0,0,0,0,60,0,50,100,100,100,0,0
SVN,0.374122527,0.362405501,0.91270728,0.602933483,0,2,75,80,20,67,0.385839552,1.010933324,0.618333333,3,0,3,0,40,0,0,100,100,100,100,38
SLB,0.008687585,0.012314104,0.014208582,0.133333333,0,0,0,20,0,33,0.005061065,0.005061065,0,0,0,0,0,0,0,0,0,0,0,0,0
SOM,0.006598573,0.013197146,0.014208582,0.071184874,0,0,0,20,8,0,0,0,0,0,0,0,0,0,0,0,0,0,0,0,0
ZAF,2.109229956,0.890723492,1.613055863,0.447803692,2,1,50,60,2,67,3.327736421,4.058215148,0.18,7,4,10,1,20,0,0,0,0,100,0,0
KOR,1.480187081,0.732615764,1.850818773,0.604166667,2,2,75,100,0,67,2.227758397,3.632214778,0.386666667,7,3,10,1,80,0,50,100,100,100,0,0
SSD,0.005563022,0.011126044,0.014208582,0.216949055,0,0,0,80,7,0,0,0,0.066666667,0,0,0,0,0,0,0,100,0,0,0,0
ESP,0.802743859,0.416612183,0.840257915,0.504185351,0,1,50,80,38,33,1.188875535,1.765656735,0.326666667,3,0,3,2,40,0,0,100,100,100,0,0
LKA,0.349073865,0.690614256,0.737138658,0.063114858,1,0,0,20,5,0,0.007533473,0.007635277,0.013333333,0,0,0,0,20,0,0,0,0,0,0,0
KNA,0.089264867,0.178529735,0.223162169,0.2,0,0,0,80,0,0,0,0,0,0,0,0,0,0,0,0,0,0,0,0,0
LCA,0.005612759,0.011225517,0.014208582,0.209948107,0,0,0,80,4,0,0,0,0,0,0,0,0,0,0,0,0,0,0,0,0
VCT,0.006546209,0.013092417,0.014208582,0.078555661,0,0,0,20,11,0,0,0,0,0,0,0,0,0,0,0,0,0,0,0,0
SDN,0.111961706,0.223923411,0.269963058,0.170540544,1,0,0,60,8,0,0,0,0,0,0,0,0,0,0,0,0,0,0,0,0
SUR,0.006242143,0.012484286,0.014208582,0.121355924,0,0,25,20,4,0,0,0,0,0,0,0,0,0,0,0,0,0,0,0,0
SWE,0.848264019,0.707562168,1.665253688,0.575102476,0,3,50,100,13,67,0.988965869,3.19021248,0.69,5,1,7,2,60,100,50,100,100,100,100,25
CHE,0.983556379,0.358388626,0.754128355,0.52476442,0,1,50,80,13,67,1.608724132,2.135474512,0.246666667,7,1,0,2,20,0,0,100,0,100,0,0
SYR,0.005027217,0.010054433,0.014208582,0.292368977,0,0,0,60,24,33,0,0,0,0,0,0,0,0,0,0,0,0,0,0,0
TJK,0.043158568,0.086317136,0.127877238,0.325,0,0,50,80,0,0,0,0,0.08,0,0,0,0,20,0,0,100,0,0,0,0
TZA,5.320444467,10.56099486,14.68835602,0.280995446,0,29,50,60,2,0,0.07989407,0.07989407,0,0,0,0,0,0,0,0,0,0,0,0,0
THA,0.624493265,0.989297413,2.217587911,0.55388582,4,0,50,100,5,67,0.259689116,0.522863992,0.503333333,3,0,0,0,80,100,100,100,0,0,100,25
TLS,0.006038647,0.012077295,0.014208582,0.15,0,0,0,60,0,0,0,0,0,0,0,0,0,0,0,0,0,0,0,0,0
TGO,0.031275704,0.062551408,0.07104291,0.119526374,0,0,0,40,8,0,0,0,0,0,0,0,0,0,0,0,0,0,0,0,0
TON,0.006667071,0.013334143,0.014208582,0.06154304,0,0,0,20,5,0,0,0,0,0,0,0,0,0,0,0,0,0,0,0,0
TTO,0.007918271,0.01384583,0.014208582,0.025530489,0,0,0,0,10,0,0.001990713,0.001990713,0,0,0,0,0,0,0,0,0,0,0,0,0
TUN,0.009609858,0.009398866,0.014208582,0.338507813,0,0,50,80,5,0,0.00982085,0.009953564,0.013333333,0,0,0,0,20,0,0,0,0,0,0,0
TUR,0.445670971,0.266932938,0.426378489,0.373953084,0,1,75,0,8,67,0.624409005,1.064333532,0.413333333,3,0,3,0,20,0,0,100,0,100,100,0
TKM,0.004947727,0.009895454,0.014208582,0.303557972,0,0,25,80,16,0,0,0,0,0,0,0,0,0,0,0,0,0,0,0,0
TUV,0.005683433,0.011366866,0.014208582,0.2,0,0,0,80,0,0,0,0,0,0,0,0,0,0,0,0,0,0,0,0,0
UGA,0.876965108,1.568834361,2.451360943,0.360014948,4,1,50,60,1,33,0.185095854,0.185095854,0,0,0,0,0,0,0,0,0,0,0,0,0
UKR,0.193373331,0.37710607,0.506440184,0.255378854,0,1,50,40,12,0,0.009640592,0.013514849,0.286666667,0,0,0,0,80,0,0,0,100,100,0,0
ARE,0.004571133,0.009142266,0.014208582,0.356567349,0,0,25,80,4,33,0,0,0.083333333,0,0,0,0,0,0,0,0,0,50,0,0
GBR,6.191177799,1.342531066,3.343360441,0.5984486,3,3,50,100,23,67,11.03982453,22.22783463,0.503333333,34,14,29,19,80,0,100,100,100,100,0,25
USA,12.36725258,2.5678385,5.53011976,0.53566313,5,6,50,80,18,67,22.16666667,100,0.778333333,100,100,100,100,80,100,100,100,100,100,100,38
URY,0.038041594,0.076083189,0.239109158,0.681805626,0,0,50,80,43,100,0,0,0.066666667,0,0,0,0,0,0,0,0,100,0,0,0
UZB,0.040758234,0.081516468,0.127877238,0.362541222,0,0,0,60,18,67,0,0,0.166666667,0,0,0,0,0,0,50,100,100,0,0,0
VUT,0.006393862,0.012787724,0.014208582,0.1,0,0,0,40,0,0,0,0,0,0,0,0,0,0,0,0,0,0,0,0,0
VEN,0.175219438,0.350438877,0.461540983,0.240719916,0,1,0,80,16,0,0,0,0,0,0,0,0,0,0,0,0,0,0,0,0
VNM,1.390861284,2.735083202,4.410566439,0.379879378,3,6,50,60,9,33,0.046639365,0.061910662,0.246666667,0,0,0,0,20,0,0,100,0,100,0,0
YEM,0.240569054,0.481138107,0.610969025,0.2125,1,0,25,60,0,0,0,0,0,0,0,0,0,0,0,0,0,0,0,0,0
ZMB,0.118001842,0.19129444,0.225052283,0.15,0,0,0,60,0,0,0.044709243,0.044709243,0,0,0,0,0,0,0,0,0,0,0,0,0
ZWE,0.10682973,0.16711285,0.21887212,0.236481785,0,0,25,60,10,0,0.046546609,0.046546609,0,0,0,0,0,0,0,0,0,0,0,0,0
